tabla_columna_origen,tabla_columna_destino_llave,pct_contencion,valores_origen,valores_destino,cruza_bases_de_datos,ya_declarada_como_fk
classicmodels.customers.customerNumber,customerservice.cs_customers.customernumber,100.0,122,122,True,False
classicmodels.customers.contactLastName,customerservice.cs_customers.contactlastname,100.0,108,108,True,False
classicmodels.customers.contactFirstName,customerservice.cs_customers.contactfirstname,100.0,105,105,True,False
classicmodels.customers.phone,customerservice.cs_customers.phone,100.0,121,121,True,False
classicmodels.customers.addressLine1,customerservice.cs_customers.addressline1,100.0,122,122,True,False
classicmodels.customers.addressLine2,customerservice.cs_customers.addressline2,100.0,21,21,True,False
classicmodels.customers.city,customerservice.cs_customers.city,100.0,95,95,True,False
classicmodels.customers.state,customerservice.cs_customers.state,100.0,18,18,True,False
classicmodels.customers.postalCode,customerservice.cs_customers.postalcode,100.0,94,94,True,False
classicmodels.customers.country,customerservice.cs_customers.country,100.0,27,27,True,False
classicmodels.employees.officeCode,customerservice.cs_customer_calls.employeenumber,100.0,7,30,True,False
classicmodels.employees.officeCode,customerservice.cs_employees.employeenumber,100.0,7,30,True,False
classicmodels.offices.officeCode,customerservice.cs_customer_calls.employeenumber,100.0,7,30,True,False
classicmodels.offices.officeCode,customerservice.cs_employees.employeenumber,100.0,7,30,True,False
classicmodels.offices.country,customerservice.cs_customers.country,100.0,5,27,True,False
classicmodels.orderdetails.productCode,customerservice.cs_products.productcode,100.0,109,110,True,False
classicmodels.orderdetails.orderLineNumber,customerservice.cs_customer_calls.employeenumber,100.0,18,30,True,False
classicmodels.orderdetails.orderLineNumber,customerservice.cs_employees.employeenumber,100.0,18,30,True,False
classicmodels.orders.customerNumber,customerservice.cs_customers.customernumber,100.0,98,122,True,False
classicmodels.payments.customerNumber,customerservice.cs_customers.customernumber,100.0,98,122,True,False
classicmodels.products.productCode,customerservice.cs_products.productcode,100.0,110,110,True,False
classicmodels.products.productName,customerservice.cs_products.productname,100.0,110,110,True,False
classicmodels.products.productScale,customerservice.cs_products.productscale,100.0,8,8,True,False
classicmodels.products.productVendor,customerservice.cs_products.productvendor,100.0,13,13,True,False
customerservice.cs_customers.customernumber,classicmodels.customers.customerNumber,100.0,122,122,True,False
customerservice.cs_customers.contactlastname,classicmodels.customers.contactLastName,100.0,108,108,True,False
customerservice.cs_customers.contactfirstname,classicmodels.customers.contactFirstName,100.0,105,105,True,False
customerservice.cs_customers.phone,classicmodels.customers.phone,100.0,121,121,True,False
customerservice.cs_customers.addressline1,classicmodels.customers.addressLine1,100.0,122,122,True,False
customerservice.cs_customers.addressline2,classicmodels.customers.addressLine2,100.0,21,21,True,False
customerservice.cs_customers.city,classicmodels.customers.city,100.0,95,95,True,False
customerservice.cs_customers.state,classicmodels.customers.state,100.0,18,18,True,False
customerservice.cs_customers.postalcode,classicmodels.customers.postalCode,100.0,94,94,True,False
customerservice.cs_customers.country,classicmodels.customers.country,100.0,27,27,True,False
customerservice.cs_customer_calls.customernumber,classicmodels.customers.customerNumber,100.0,54,122,True,False
customerservice.cs_customer_calls.productcode,classicmodels.orderdetails.productCode,100.0,47,109,True,False
customerservice.cs_customer_calls.productcode,classicmodels.products.productCode,100.0,47,110,True,False
customerservice.cs_products.productcode,classicmodels.products.productCode,100.0,110,110,True,False
customerservice.cs_products.productname,classicmodels.products.productName,100.0,110,110,True,False
customerservice.cs_products.productscale,classicmodels.products.productScale,100.0,8,8,True,False
customerservice.cs_products.productvendor,classicmodels.products.productVendor,100.0,13,13,True,False
customerservice.cs_customer_products.customernumber,classicmodels.customers.customerNumber,100.0,75,122,True,False
customerservice.cs_customer_products.productcode,classicmodels.orderdetails.productCode,100.0,64,109,True,False
customerservice.cs_customer_products.productcode,classicmodels.products.productCode,100.0,64,110,True,False
customerservice.cs_products.productcode,classicmodels.orderdetails.productCode,99.09,110,109,True,False
classicmodels.employees.officeCode,classicmodels.orderdetails.orderLineNumber,100.0,7,18,False,False
classicmodels.offices.officeCode,classicmodels.employees.officeCode,100.0,7,7,False,False
classicmodels.offices.officeCode,classicmodels.orderdetails.orderLineNumber,100.0,7,18,False,False
classicmodels.offices.country,classicmodels.customers.country,100.0,5,27,False,False
classicmodels.orders.orderNumber,classicmodels.orderdetails.orderNumber,100.0,326,326,False,False
classicmodels.orders.customerNumber,classicmodels.payments.customerNumber,100.0,98,98,False,False
classicmodels.payments.customerNumber,classicmodels.orders.customerNumber,100.0,98,98,False,False
classicmodels.productlines.productLine,classicmodels.products.productLine,100.0,7,7,False,False
customerservice.cs_customer_calls.customernumber,customerservice.cs_customer_products.customernumber,100.0,54,75,False,False
customerservice.cs_customer_calls.productcode,customerservice.cs_customer_products.productcode,100.0,47,64,False,False
customerservice.cs_employees.employeenumber,customerservice.cs_customer_calls.employeenumber,100.0,30,30,False,False
classicmodels.products.productCode,classicmodels.orderdetails.productCode,99.09,110,109,False,False
classicmodels.customers.salesRepEmployeeNumber,classicmodels.employees.employeeNumber,100.0,15,23,False,True
classicmodels.employees.officeCode,classicmodels.offices.officeCode,100.0,7,7,False,True
classicmodels.employees.reportsTo,classicmodels.employees.employeeNumber,100.0,6,23,False,True
classicmodels.orderdetails.orderNumber,classicmodels.orders.orderNumber,100.0,326,326,False,True
classicmodels.orderdetails.productCode,classicmodels.products.productCode,100.0,109,110,False,True
classicmodels.orders.customerNumber,classicmodels.customers.customerNumber,100.0,98,122,False,True
classicmodels.payments.customerNumber,classicmodels.customers.customerNumber,100.0,98,122,False,True
classicmodels.products.productLine,classicmodels.productlines.productLine,100.0,7,7,False,True
customerservice.cs_customer_calls.employeenumber,customerservice.cs_employees.employeenumber,100.0,30,30,False,True
customerservice.cs_customer_calls.customernumber,customerservice.cs_customers.customernumber,100.0,54,122,False,True
customerservice.cs_customer_calls.productcode,customerservice.cs_products.productcode,100.0,47,110,False,True
customerservice.cs_customer_products.customernumber,customerservice.cs_customers.customernumber,100.0,75,122,False,True
customerservice.cs_customer_products.productcode,customerservice.cs_products.productcode,100.0,64,110,False,True
